
-- Instagram Analytics Dataset for QueryQuest

CREATE DATABASE IF NOT EXISTS instagram_db;
USE instagram_db;

CREATE TABLE USERS (
    user_id INT PRIMARY KEY,
    username VARCHAR(50),
    followers_count INT,
    category VARCHAR(30)
);

CREATE TABLE POSTS (
    post_id INT PRIMARY KEY,
    user_id INT,
    post_caption VARCHAR(255),
    post_date DATE,
    FOREIGN KEY (user_id) REFERENCES USERS(user_id)
);

CREATE TABLE LIKES (
    like_id INT PRIMARY KEY,
    post_id INT,
    user_id INT,
    FOREIGN KEY (post_id) REFERENCES POSTS(post_id),
    FOREIGN KEY (user_id) REFERENCES USERS(user_id)
);

CREATE TABLE COMMENTS (
    comment_id INT PRIMARY KEY,
    post_id INT,
    user_id INT,
    comment_text VARCHAR(255),
    FOREIGN KEY (post_id) REFERENCES POSTS(post_id),
    FOREIGN KEY (user_id) REFERENCES USERS(user_id)
);

-- Insert 50 Users
INSERT INTO USERS VALUES (1, 'goofygen', 10500, 'general');
INSERT INTO USERS VALUES (2, 'bpt_diwakar', 11000, 'general');
INSERT INTO USERS VALUES (3, 'madangowri', 11500, 'general');
INSERT INTO USERS VALUES (4, 'irfanviews', 12000, 'general');
INSERT INTO USERS VALUES (5, 'ramwithjaanu', 12500, 'general');
INSERT INTO USERS VALUES (6, 'suhaipami', 13000, 'general');
INSERT INTO USERS VALUES (7, 'micset', 13500, 'general');
INSERT INTO USERS VALUES (8, 'templemonkeys', 14000, 'general');
INSERT INTO USERS VALUES (9, 'blacksheep', 14500, 'general');
INSERT INTO USERS VALUES (10, 'putchutamil', 15000, 'general');
INSERT INTO USERS VALUES (11, 'behindwoods', 15500, 'general');
INSERT INTO USERS VALUES (12, 'galattatamil', 16000, 'general');
INSERT INTO USERS VALUES (13, 'vadivelumemes', 16500, 'general');
INSERT INTO USERS VALUES (14, 'trolltamil', 17000, 'general');
INSERT INTO USERS VALUES (15, 'tamilmemesdaily', 17500, 'general');
INSERT INTO USERS VALUES (16, 'chennaimemes', 18000, 'general');
INSERT INTO USERS VALUES (17, 'engineeringmemes_tn', 18500, 'general');
INSERT INTO USERS VALUES (18, 'exammemes_tamil', 19000, 'general');
INSERT INTO USERS VALUES (19, 'kollywoodmemes', 19500, 'general');
INSERT INTO USERS VALUES (20, 'aishwaryarajesh', 20000, 'general');
INSERT INTO USERS VALUES (21, 'rashmikamandanna', 20500, 'general');
INSERT INTO USERS VALUES (22, 'priya_bhavani_shankar', 21000, 'general');
INSERT INTO USERS VALUES (23, 'sivakarthikeyan', 21500, 'general');
INSERT INTO USERS VALUES (24, 'dhanushkraja', 22000, 'general');
INSERT INTO USERS VALUES (25, 'vjs_official', 22500, 'general');
INSERT INTO USERS VALUES (26, 'yogibabu_official', 23000, 'general');
INSERT INTO USERS VALUES (27, 'pradeep_ranganathan', 23500, 'general');
INSERT INTO USERS VALUES (28, 'villagecookingchannel', 24000, 'general');
INSERT INTO USERS VALUES (29, 'hiphoptamizha', 24500, 'general');
INSERT INTO USERS VALUES (30, 'anirudhofficial', 25000, 'general');
INSERT INTO USERS VALUES (31, 'gpmuthu', 25500, 'general');
INSERT INTO USERS VALUES (32, 'viratkohli', 26000, 'general');
INSERT INTO USERS VALUES (33, 'msdhoni', 26500, 'general');
INSERT INTO USERS VALUES (34, 'rohitsharma45', 27000, 'general');
INSERT INTO USERS VALUES (35, 'cristiano', 27500, 'general');
INSERT INTO USERS VALUES (36, 'leomessi', 28000, 'general');
INSERT INTO USERS VALUES (37, 'vit_vellore', 28500, 'general');
INSERT INTO USERS VALUES (38, 'srm_university', 29000, 'general');
INSERT INTO USERS VALUES (39, 'sastra_university', 29500, 'general');
INSERT INTO USERS VALUES (40, 'anna_university_official', 30000, 'general');
INSERT INTO USERS VALUES (41, 'loyola_college_chennai', 30500, 'general');
INSERT INTO USERS VALUES (42, 'psg_tech', 31000, 'general');
INSERT INTO USERS VALUES (43, 'mcc_chennai', 31500, 'general');
INSERT INTO USERS VALUES (44, 'tech_tamil', 32000, 'general');
INSERT INTO USERS VALUES (45, 'cinema_updates', 32500, 'general');
INSERT INTO USERS VALUES (46, 'memes_tn', 33000, 'general');
INSERT INTO USERS VALUES (47, 'reel_creator', 33500, 'general');
INSERT INTO USERS VALUES (48, 'trend_tamil', 34000, 'general');
INSERT INTO USERS VALUES (49, 'fun_zone_tn', 34500, 'general');
INSERT INTO USERS VALUES (50, 'daily_reels', 35000, 'general');

-- Insert 50 Posts
INSERT INTO POSTS VALUES (1, 2, 'Sample post 1', '2025-01-02');
INSERT INTO POSTS VALUES (2, 3, 'Sample post 2', '2025-01-03');
INSERT INTO POSTS VALUES (3, 4, 'Sample post 3', '2025-01-04');
INSERT INTO POSTS VALUES (4, 5, 'Sample post 4', '2025-01-05');
INSERT INTO POSTS VALUES (5, 6, 'Sample post 5', '2025-01-06');
INSERT INTO POSTS VALUES (6, 7, 'Sample post 6', '2025-01-07');
INSERT INTO POSTS VALUES (7, 8, 'Sample post 7', '2025-01-08');
INSERT INTO POSTS VALUES (8, 9, 'Sample post 8', '2025-01-09');
INSERT INTO POSTS VALUES (9, 10, 'Sample post 9', '2025-01-10');
INSERT INTO POSTS VALUES (10, 11, 'Sample post 10', '2025-01-11');
INSERT INTO POSTS VALUES (11, 12, 'Sample post 11', '2025-01-12');
INSERT INTO POSTS VALUES (12, 13, 'Sample post 12', '2025-01-13');
INSERT INTO POSTS VALUES (13, 14, 'Sample post 13', '2025-01-14');
INSERT INTO POSTS VALUES (14, 15, 'Sample post 14', '2025-01-15');
INSERT INTO POSTS VALUES (15, 16, 'Sample post 15', '2025-01-16');
INSERT INTO POSTS VALUES (16, 17, 'Sample post 16', '2025-01-17');
INSERT INTO POSTS VALUES (17, 18, 'Sample post 17', '2025-01-18');
INSERT INTO POSTS VALUES (18, 19, 'Sample post 18', '2025-01-19');
INSERT INTO POSTS VALUES (19, 20, 'Sample post 19', '2025-01-20');
INSERT INTO POSTS VALUES (20, 21, 'Sample post 20', '2025-01-21');
INSERT INTO POSTS VALUES (21, 22, 'Sample post 21', '2025-01-22');
INSERT INTO POSTS VALUES (22, 23, 'Sample post 22', '2025-01-23');
INSERT INTO POSTS VALUES (23, 24, 'Sample post 23', '2025-01-24');
INSERT INTO POSTS VALUES (24, 25, 'Sample post 24', '2025-01-25');
INSERT INTO POSTS VALUES (25, 26, 'Sample post 25', '2025-01-26');
INSERT INTO POSTS VALUES (26, 27, 'Sample post 26', '2025-01-27');
INSERT INTO POSTS VALUES (27, 28, 'Sample post 27', '2025-01-28');
INSERT INTO POSTS VALUES (28, 29, 'Sample post 28', '2025-01-01');
INSERT INTO POSTS VALUES (29, 30, 'Sample post 29', '2025-01-02');
INSERT INTO POSTS VALUES (30, 31, 'Sample post 30', '2025-01-03');
INSERT INTO POSTS VALUES (31, 32, 'Sample post 31', '2025-01-04');
INSERT INTO POSTS VALUES (32, 33, 'Sample post 32', '2025-01-05');
INSERT INTO POSTS VALUES (33, 34, 'Sample post 33', '2025-01-06');
INSERT INTO POSTS VALUES (34, 35, 'Sample post 34', '2025-01-07');
INSERT INTO POSTS VALUES (35, 36, 'Sample post 35', '2025-01-08');
INSERT INTO POSTS VALUES (36, 37, 'Sample post 36', '2025-01-09');
INSERT INTO POSTS VALUES (37, 38, 'Sample post 37', '2025-01-10');
INSERT INTO POSTS VALUES (38, 39, 'Sample post 38', '2025-01-11');
INSERT INTO POSTS VALUES (39, 40, 'Sample post 39', '2025-01-12');
INSERT INTO POSTS VALUES (40, 41, 'Sample post 40', '2025-01-13');
INSERT INTO POSTS VALUES (41, 42, 'Sample post 41', '2025-01-14');
INSERT INTO POSTS VALUES (42, 43, 'Sample post 42', '2025-01-15');
INSERT INTO POSTS VALUES (43, 44, 'Sample post 43', '2025-01-16');
INSERT INTO POSTS VALUES (44, 45, 'Sample post 44', '2025-01-17');
INSERT INTO POSTS VALUES (45, 46, 'Sample post 45', '2025-01-18');
INSERT INTO POSTS VALUES (46, 47, 'Sample post 46', '2025-01-19');
INSERT INTO POSTS VALUES (47, 48, 'Sample post 47', '2025-01-20');
INSERT INTO POSTS VALUES (48, 49, 'Sample post 48', '2025-01-21');
INSERT INTO POSTS VALUES (49, 50, 'Sample post 49', '2025-01-22');
INSERT INTO POSTS VALUES (50, 1, 'Sample post 50', '2025-01-23');

-- Insert 50 Likes
INSERT INTO LIKES VALUES (1, 2, 7);
INSERT INTO LIKES VALUES (2, 3, 8);
INSERT INTO LIKES VALUES (3, 4, 9);
INSERT INTO LIKES VALUES (4, 5, 10);
INSERT INTO LIKES VALUES (5, 6, 11);
INSERT INTO LIKES VALUES (6, 7, 12);
INSERT INTO LIKES VALUES (7, 8, 13);
INSERT INTO LIKES VALUES (8, 9, 14);
INSERT INTO LIKES VALUES (9, 10, 15);
INSERT INTO LIKES VALUES (10, 11, 16);
INSERT INTO LIKES VALUES (11, 12, 17);
INSERT INTO LIKES VALUES (12, 13, 18);
INSERT INTO LIKES VALUES (13, 14, 19);
INSERT INTO LIKES VALUES (14, 15, 20);
INSERT INTO LIKES VALUES (15, 16, 21);
INSERT INTO LIKES VALUES (16, 17, 22);
INSERT INTO LIKES VALUES (17, 18, 23);
INSERT INTO LIKES VALUES (18, 19, 24);
INSERT INTO LIKES VALUES (19, 20, 25);
INSERT INTO LIKES VALUES (20, 21, 26);
INSERT INTO LIKES VALUES (21, 22, 27);
INSERT INTO LIKES VALUES (22, 23, 28);
INSERT INTO LIKES VALUES (23, 24, 29);
INSERT INTO LIKES VALUES (24, 25, 30);
INSERT INTO LIKES VALUES (25, 26, 31);
INSERT INTO LIKES VALUES (26, 27, 32);
INSERT INTO LIKES VALUES (27, 28, 33);
INSERT INTO LIKES VALUES (28, 29, 34);
INSERT INTO LIKES VALUES (29, 30, 35);
INSERT INTO LIKES VALUES (30, 31, 36);
INSERT INTO LIKES VALUES (31, 32, 37);
INSERT INTO LIKES VALUES (32, 33, 38);
INSERT INTO LIKES VALUES (33, 34, 39);
INSERT INTO LIKES VALUES (34, 35, 40);
INSERT INTO LIKES VALUES (35, 36, 41);
INSERT INTO LIKES VALUES (36, 37, 42);
INSERT INTO LIKES VALUES (37, 38, 43);
INSERT INTO LIKES VALUES (38, 39, 44);
INSERT INTO LIKES VALUES (39, 40, 45);
INSERT INTO LIKES VALUES (40, 41, 46);
INSERT INTO LIKES VALUES (41, 42, 47);
INSERT INTO LIKES VALUES (42, 43, 48);
INSERT INTO LIKES VALUES (43, 44, 49);
INSERT INTO LIKES VALUES (44, 45, 50);
INSERT INTO LIKES VALUES (45, 46, 1);
INSERT INTO LIKES VALUES (46, 47, 2);
INSERT INTO LIKES VALUES (47, 48, 3);
INSERT INTO LIKES VALUES (48, 49, 4);
INSERT INTO LIKES VALUES (49, 50, 5);
INSERT INTO LIKES VALUES (50, 1, 6);

-- Insert 50 Comments
INSERT INTO COMMENTS VALUES (1, 2, 12, 'Nice post 1');
INSERT INTO COMMENTS VALUES (2, 3, 13, 'Nice post 2');
INSERT INTO COMMENTS VALUES (3, 4, 14, 'Nice post 3');
INSERT INTO COMMENTS VALUES (4, 5, 15, 'Nice post 4');
INSERT INTO COMMENTS VALUES (5, 6, 16, 'Nice post 5');
INSERT INTO COMMENTS VALUES (6, 7, 17, 'Nice post 6');
INSERT INTO COMMENTS VALUES (7, 8, 18, 'Nice post 7');
INSERT INTO COMMENTS VALUES (8, 9, 19, 'Nice post 8');
INSERT INTO COMMENTS VALUES (9, 10, 20, 'Nice post 9');
INSERT INTO COMMENTS VALUES (10, 11, 21, 'Nice post 10');
INSERT INTO COMMENTS VALUES (11, 12, 22, 'Nice post 11');
INSERT INTO COMMENTS VALUES (12, 13, 23, 'Nice post 12');
INSERT INTO COMMENTS VALUES (13, 14, 24, 'Nice post 13');
INSERT INTO COMMENTS VALUES (14, 15, 25, 'Nice post 14');
INSERT INTO COMMENTS VALUES (15, 16, 26, 'Nice post 15');
INSERT INTO COMMENTS VALUES (16, 17, 27, 'Nice post 16');
INSERT INTO COMMENTS VALUES (17, 18, 28, 'Nice post 17');
INSERT INTO COMMENTS VALUES (18, 19, 29, 'Nice post 18');
INSERT INTO COMMENTS VALUES (19, 20, 30, 'Nice post 19');
INSERT INTO COMMENTS VALUES (20, 21, 31, 'Nice post 20');
INSERT INTO COMMENTS VALUES (21, 22, 32, 'Nice post 21');
INSERT INTO COMMENTS VALUES (22, 23, 33, 'Nice post 22');
INSERT INTO COMMENTS VALUES (23, 24, 34, 'Nice post 23');
INSERT INTO COMMENTS VALUES (24, 25, 35, 'Nice post 24');
INSERT INTO COMMENTS VALUES (25, 26, 36, 'Nice post 25');
INSERT INTO COMMENTS VALUES (26, 27, 37, 'Nice post 26');
INSERT INTO COMMENTS VALUES (27, 28, 38, 'Nice post 27');
INSERT INTO COMMENTS VALUES (28, 29, 39, 'Nice post 28');
INSERT INTO COMMENTS VALUES (29, 30, 40, 'Nice post 29');
INSERT INTO COMMENTS VALUES (30, 31, 41, 'Nice post 30');
INSERT INTO COMMENTS VALUES (31, 32, 42, 'Nice post 31');
INSERT INTO COMMENTS VALUES (32, 33, 43, 'Nice post 32');
INSERT INTO COMMENTS VALUES (33, 34, 44, 'Nice post 33');
INSERT INTO COMMENTS VALUES (34, 35, 45, 'Nice post 34');
INSERT INTO COMMENTS VALUES (35, 36, 46, 'Nice post 35');
INSERT INTO COMMENTS VALUES (36, 37, 47, 'Nice post 36');
INSERT INTO COMMENTS VALUES (37, 38, 48, 'Nice post 37');
INSERT INTO COMMENTS VALUES (38, 39, 49, 'Nice post 38');
INSERT INTO COMMENTS VALUES (39, 40, 50, 'Nice post 39');
INSERT INTO COMMENTS VALUES (40, 41, 1, 'Nice post 40');
INSERT INTO COMMENTS VALUES (41, 42, 2, 'Nice post 41');
INSERT INTO COMMENTS VALUES (42, 43, 3, 'Nice post 42');
INSERT INTO COMMENTS VALUES (43, 44, 4, 'Nice post 43');
INSERT INTO COMMENTS VALUES (44, 45, 5, 'Nice post 44');
INSERT INTO COMMENTS VALUES (45, 46, 6, 'Nice post 45');
INSERT INTO COMMENTS VALUES (46, 47, 7, 'Nice post 46');
INSERT INTO COMMENTS VALUES (47, 48, 8, 'Nice post 47');
INSERT INTO COMMENTS VALUES (48, 49, 9, 'Nice post 48');
INSERT INTO COMMENTS VALUES (49, 50, 10, 'Nice post 49');
INSERT INTO COMMENTS VALUES (50, 1, 11, 'Nice post 50');
