
CREATE DATABASE IF NOT EXISTS kollywood_event_db;
USE kollywood_event_db;

DROP TABLE IF EXISTS REVIEWS;
DROP TABLE IF EXISTS COLLECTIONS;
DROP TABLE IF EXISTS MOVIES;

CREATE TABLE MOVIES (
    movie_id INT PRIMARY KEY,
    movie_title VARCHAR(100),
    actor VARCHAR(50),
    actress VARCHAR(50),
    release_year INT
);

CREATE TABLE COLLECTIONS (
    collection_id INT PRIMARY KEY,
    movie_id INT,
    box_office_collection INT,
    FOREIGN KEY (movie_id) REFERENCES MOVIES(movie_id)
);

CREATE TABLE REVIEWS (
    review_id INT PRIMARY KEY,
    movie_id INT,
    rating INT,
    FOREIGN KEY (movie_id) REFERENCES MOVIES(movie_id)
);

-- Insert 50 MOVIES
INSERT INTO MOVIES VALUES (1, 'Vijay_Movie_1', 'Vijay', 'Nayanthara', 2015);
INSERT INTO MOVIES VALUES (2, 'Ajith_Movie_2', 'Ajith', 'Rashmika', 2015);
INSERT INTO MOVIES VALUES (3, 'Surya_Movie_3', 'Surya', 'Keerthy', 2015);
INSERT INTO MOVIES VALUES (4, 'Dhanush_Movie_4', 'Dhanush', 'Samantha', 2015);
INSERT INTO MOVIES VALUES (5, 'Sivakarthikeyan_Movie_5', 'Sivakarthikeyan', 'Anushka', 2015);
INSERT INTO MOVIES VALUES (6, 'Karthi_Movie_6', 'Karthi', 'Trisha', 2015);
INSERT INTO MOVIES VALUES (7, 'Vijay_Movie_7', 'Vijay', 'Nayanthara', 2016);
INSERT INTO MOVIES VALUES (8, 'Ajith_Movie_8', 'Ajith', 'Rashmika', 2016);
INSERT INTO MOVIES VALUES (9, 'Surya_Movie_9', 'Surya', 'Keerthy', 2016);
INSERT INTO MOVIES VALUES (10, 'Dhanush_Movie_10', 'Dhanush', 'Samantha', 2016);
INSERT INTO MOVIES VALUES (11, 'Sivakarthikeyan_Movie_11', 'Sivakarthikeyan', 'Anushka', 2016);
INSERT INTO MOVIES VALUES (12, 'Karthi_Movie_12', 'Karthi', 'Trisha', 2016);
INSERT INTO MOVIES VALUES (13, 'Vijay_Movie_13', 'Vijay', 'Nayanthara', 2017);
INSERT INTO MOVIES VALUES (14, 'Ajith_Movie_14', 'Ajith', 'Rashmika', 2017);
INSERT INTO MOVIES VALUES (15, 'Surya_Movie_15', 'Surya', 'Keerthy', 2017);
INSERT INTO MOVIES VALUES (16, 'Dhanush_Movie_16', 'Dhanush', 'Samantha', 2017);
INSERT INTO MOVIES VALUES (17, 'Sivakarthikeyan_Movie_17', 'Sivakarthikeyan', 'Anushka', 2017);
INSERT INTO MOVIES VALUES (18, 'Karthi_Movie_18', 'Karthi', 'Trisha', 2017);
INSERT INTO MOVIES VALUES (19, 'Vijay_Movie_19', 'Vijay', 'Nayanthara', 2018);
INSERT INTO MOVIES VALUES (20, 'Ajith_Movie_20', 'Ajith', 'Rashmika', 2018);
INSERT INTO MOVIES VALUES (21, 'Surya_Movie_21', 'Surya', 'Keerthy', 2018);
INSERT INTO MOVIES VALUES (22, 'Dhanush_Movie_22', 'Dhanush', 'Samantha', 2018);
INSERT INTO MOVIES VALUES (23, 'Sivakarthikeyan_Movie_23', 'Sivakarthikeyan', 'Anushka', 2018);
INSERT INTO MOVIES VALUES (24, 'Karthi_Movie_24', 'Karthi', 'Trisha', 2018);
INSERT INTO MOVIES VALUES (25, 'Vijay_Movie_25', 'Vijay', 'Nayanthara', 2019);
INSERT INTO MOVIES VALUES (26, 'Ajith_Movie_26', 'Ajith', 'Rashmika', 2019);
INSERT INTO MOVIES VALUES (27, 'Surya_Movie_27', 'Surya', 'Keerthy', 2019);
INSERT INTO MOVIES VALUES (28, 'Dhanush_Movie_28', 'Dhanush', 'Samantha', 2019);
INSERT INTO MOVIES VALUES (29, 'Sivakarthikeyan_Movie_29', 'Sivakarthikeyan', 'Anushka', 2019);
INSERT INTO MOVIES VALUES (30, 'Karthi_Movie_30', 'Karthi', 'Trisha', 2019);
INSERT INTO MOVIES VALUES (31, 'Vijay_Movie_31', 'Vijay', 'Nayanthara', 2020);
INSERT INTO MOVIES VALUES (32, 'Ajith_Movie_32', 'Ajith', 'Rashmika', 2020);
INSERT INTO MOVIES VALUES (33, 'Surya_Movie_33', 'Surya', 'Keerthy', 2020);
INSERT INTO MOVIES VALUES (34, 'Dhanush_Movie_34', 'Dhanush', 'Samantha', 2020);
INSERT INTO MOVIES VALUES (35, 'Sivakarthikeyan_Movie_35', 'Sivakarthikeyan', 'Anushka', 2020);
INSERT INTO MOVIES VALUES (36, 'Karthi_Movie_36', 'Karthi', 'Trisha', 2020);
INSERT INTO MOVIES VALUES (37, 'Vijay_Movie_37', 'Vijay', 'Nayanthara', 2021);
INSERT INTO MOVIES VALUES (38, 'Ajith_Movie_38', 'Ajith', 'Rashmika', 2021);
INSERT INTO MOVIES VALUES (39, 'Surya_Movie_39', 'Surya', 'Keerthy', 2021);
INSERT INTO MOVIES VALUES (40, 'Dhanush_Movie_40', 'Dhanush', 'Samantha', 2021);
INSERT INTO MOVIES VALUES (41, 'Sivakarthikeyan_Movie_41', 'Sivakarthikeyan', 'Anushka', 2021);
INSERT INTO MOVIES VALUES (42, 'Karthi_Movie_42', 'Karthi', 'Trisha', 2021);
INSERT INTO MOVIES VALUES (43, 'Vijay_Movie_43', 'Vijay', 'Nayanthara', 2022);
INSERT INTO MOVIES VALUES (44, 'Ajith_Movie_44', 'Ajith', 'Rashmika', 2022);
INSERT INTO MOVIES VALUES (45, 'Surya_Movie_45', 'Surya', 'Keerthy', 2022);
INSERT INTO MOVIES VALUES (46, 'Dhanush_Movie_46', 'Dhanush', 'Samantha', 2022);
INSERT INTO MOVIES VALUES (47, 'Sivakarthikeyan_Movie_47', 'Sivakarthikeyan', 'Anushka', 2022);
INSERT INTO MOVIES VALUES (48, 'Karthi_Movie_48', 'Karthi', 'Trisha', 2022);
INSERT INTO MOVIES VALUES (49, 'Vijay_Movie_49', 'Vijay', 'Nayanthara', 2023);
INSERT INTO MOVIES VALUES (50, 'Ajith_Movie_50', 'Ajith', 'Rashmika', 2023);

-- Insert COLLECTIONS
INSERT INTO COLLECTIONS VALUES (1, 1, 103);
INSERT INTO COLLECTIONS VALUES (2, 2, 106);
INSERT INTO COLLECTIONS VALUES (3, 3, 109);
INSERT INTO COLLECTIONS VALUES (4, 4, 112);
INSERT INTO COLLECTIONS VALUES (5, 5, 115);
INSERT INTO COLLECTIONS VALUES (6, 6, 118);
INSERT INTO COLLECTIONS VALUES (7, 7, 50);
INSERT INTO COLLECTIONS VALUES (8, 8, 124);
INSERT INTO COLLECTIONS VALUES (9, 9, 127);
INSERT INTO COLLECTIONS VALUES (10, 10, 350);
INSERT INTO COLLECTIONS VALUES (11, 11, 133);
INSERT INTO COLLECTIONS VALUES (12, 12, 136);
INSERT INTO COLLECTIONS VALUES (13, 13, 139);
INSERT INTO COLLECTIONS VALUES (14, 14, 50);
INSERT INTO COLLECTIONS VALUES (15, 15, 145);
INSERT INTO COLLECTIONS VALUES (16, 16, 148);
INSERT INTO COLLECTIONS VALUES (17, 17, 151);
INSERT INTO COLLECTIONS VALUES (18, 18, 154);
INSERT INTO COLLECTIONS VALUES (19, 19, 157);
INSERT INTO COLLECTIONS VALUES (20, 20, 160);
INSERT INTO COLLECTIONS VALUES (21, 21, 50);
INSERT INTO COLLECTIONS VALUES (22, 22, 166);
INSERT INTO COLLECTIONS VALUES (23, 23, 169);
INSERT INTO COLLECTIONS VALUES (24, 24, 172);
INSERT INTO COLLECTIONS VALUES (25, 25, 175);
INSERT INTO COLLECTIONS VALUES (26, 26, 178);
INSERT INTO COLLECTIONS VALUES (27, 27, 181);
INSERT INTO COLLECTIONS VALUES (28, 28, 50);
INSERT INTO COLLECTIONS VALUES (29, 29, 187);
INSERT INTO COLLECTIONS VALUES (30, 30, 190);
INSERT INTO COLLECTIONS VALUES (31, 31, 193);
INSERT INTO COLLECTIONS VALUES (32, 32, 196);
INSERT INTO COLLECTIONS VALUES (33, 33, 199);
INSERT INTO COLLECTIONS VALUES (34, 34, 202);
INSERT INTO COLLECTIONS VALUES (35, 35, 50);
INSERT INTO COLLECTIONS VALUES (36, 36, 208);
INSERT INTO COLLECTIONS VALUES (37, 37, 211);
INSERT INTO COLLECTIONS VALUES (38, 38, 214);
INSERT INTO COLLECTIONS VALUES (39, 39, 217);
INSERT INTO COLLECTIONS VALUES (40, 40, 220);
INSERT INTO COLLECTIONS VALUES (41, 41, 223);
INSERT INTO COLLECTIONS VALUES (42, 42, 50);
INSERT INTO COLLECTIONS VALUES (43, 43, 229);
INSERT INTO COLLECTIONS VALUES (44, 44, 232);
INSERT INTO COLLECTIONS VALUES (45, 45, 235);
INSERT INTO COLLECTIONS VALUES (46, 46, 238);
INSERT INTO COLLECTIONS VALUES (47, 47, 241);
INSERT INTO COLLECTIONS VALUES (48, 48, 244);
INSERT INTO COLLECTIONS VALUES (49, 49, 50);
INSERT INTO COLLECTIONS VALUES (50, 50, 250);

-- Insert REVIEWS
INSERT INTO REVIEWS VALUES (1, 1, 7);
INSERT INTO REVIEWS VALUES (2, 2, 8);
INSERT INTO REVIEWS VALUES (3, 3, 9);
INSERT INTO REVIEWS VALUES (4, 4, 10);
INSERT INTO REVIEWS VALUES (5, 5, 6);
INSERT INTO REVIEWS VALUES (6, 6, 7);
INSERT INTO REVIEWS VALUES (7, 7, 8);
INSERT INTO REVIEWS VALUES (8, 9, 10);
INSERT INTO REVIEWS VALUES (9, 10, 9);
INSERT INTO REVIEWS VALUES (10, 11, 7);
INSERT INTO REVIEWS VALUES (11, 12, 8);
INSERT INTO REVIEWS VALUES (12, 13, 9);
INSERT INTO REVIEWS VALUES (13, 14, 10);
INSERT INTO REVIEWS VALUES (14, 15, 6);
INSERT INTO REVIEWS VALUES (15, 17, 8);
INSERT INTO REVIEWS VALUES (16, 18, 9);
INSERT INTO REVIEWS VALUES (17, 19, 10);
INSERT INTO REVIEWS VALUES (18, 20, 6);
INSERT INTO REVIEWS VALUES (19, 21, 7);
INSERT INTO REVIEWS VALUES (20, 22, 8);
INSERT INTO REVIEWS VALUES (21, 23, 9);
INSERT INTO REVIEWS VALUES (22, 25, 6);
INSERT INTO REVIEWS VALUES (23, 26, 7);
INSERT INTO REVIEWS VALUES (24, 27, 8);
INSERT INTO REVIEWS VALUES (25, 28, 9);
INSERT INTO REVIEWS VALUES (26, 29, 10);
INSERT INTO REVIEWS VALUES (27, 30, 6);
INSERT INTO REVIEWS VALUES (28, 31, 7);
INSERT INTO REVIEWS VALUES (29, 33, 9);
INSERT INTO REVIEWS VALUES (30, 34, 10);
INSERT INTO REVIEWS VALUES (31, 35, 6);
INSERT INTO REVIEWS VALUES (32, 36, 7);
INSERT INTO REVIEWS VALUES (33, 37, 8);
INSERT INTO REVIEWS VALUES (34, 38, 9);
INSERT INTO REVIEWS VALUES (35, 39, 10);
INSERT INTO REVIEWS VALUES (36, 41, 7);
INSERT INTO REVIEWS VALUES (37, 42, 8);
INSERT INTO REVIEWS VALUES (38, 43, 9);
INSERT INTO REVIEWS VALUES (39, 44, 10);
INSERT INTO REVIEWS VALUES (40, 45, 6);
INSERT INTO REVIEWS VALUES (41, 46, 7);
INSERT INTO REVIEWS VALUES (42, 47, 8);
INSERT INTO REVIEWS VALUES (43, 49, 10);
INSERT INTO REVIEWS VALUES (44, 50, 6);
