
-- Kollywood Movie Analytics Dataset for QueryQuest

CREATE DATABASE IF NOT EXISTS kollywood_db;
USE kollywood_db;

CREATE TABLE MOVIES (
    movie_id INT PRIMARY KEY,
    movie_title VARCHAR(100),
    actor VARCHAR(50),
    actress VARCHAR(50),
    release_year INT
);

CREATE TABLE COLLECTIONS (
    collection_id INT PRIMARY KEY,
    movie_id INT,
    box_office_collection INT,
    FOREIGN KEY (movie_id) REFERENCES MOVIES(movie_id)
);

CREATE TABLE REVIEWS (
    review_id INT PRIMARY KEY,
    movie_id INT,
    rating INT,
    FOREIGN KEY (movie_id) REFERENCES MOVIES(movie_id)
);

-- Insert 50 Movies
INSERT INTO MOVIES VALUES (1, 'Master', 'Vijay', 'Malavika Mohanan', 2021);
INSERT INTO MOVIES VALUES (2, 'Beast', 'Vijay', 'Pooja Hegde', 2022);
INSERT INTO MOVIES VALUES (3, 'Varisu', 'Vijay', 'Rashmika Mandanna', 2023);
INSERT INTO MOVIES VALUES (4, 'Ghilli', 'Vijay', 'Trisha', 2004);
INSERT INTO MOVIES VALUES (5, 'Thuppakki', 'Vijay', 'Kajal Aggarwal', 2012);
INSERT INTO MOVIES VALUES (6, 'Thunivu', 'Ajith', 'Manju Warrier', 2023);
INSERT INTO MOVIES VALUES (7, 'Valimai', 'Ajith', 'Huma Qureshi', 2022);
INSERT INTO MOVIES VALUES (8, 'Viswasam', 'Ajith', 'Nayanthara', 2019);
INSERT INTO MOVIES VALUES (9, 'Vedalam', 'Ajith', 'Shruti Haasan', 2015);
INSERT INTO MOVIES VALUES (10, 'Mankatha', 'Ajith', 'Trisha', 2011);
INSERT INTO MOVIES VALUES (11, 'Soorarai Pottru', 'Surya', 'Aparna Balamurali', 2020);
INSERT INTO MOVIES VALUES (12, 'Jai Bhim', 'Surya', 'Lijomol Jose', 2021);
INSERT INTO MOVIES VALUES (13, 'Etharkkum Thunindhavan', 'Surya', 'Priyanka Mohan', 2022);
INSERT INTO MOVIES VALUES (14, 'Singam', 'Surya', 'Anushka Shetty', 2010);
INSERT INTO MOVIES VALUES (15, '24', 'Surya', 'Samantha', 2016);
INSERT INTO MOVIES VALUES (16, 'Doctor', 'Sivakarthikeyan', 'Priyanka Mohan', 2021);
INSERT INTO MOVIES VALUES (17, 'Don', 'Sivakarthikeyan', 'Priyanka Arul Mohan', 2022);
INSERT INTO MOVIES VALUES (18, 'Maaveeran', 'Sivakarthikeyan', 'Aditi Shankar', 2023);
INSERT INTO MOVIES VALUES (19, 'Remo', 'Sivakarthikeyan', 'Keerthy Suresh', 2016);
INSERT INTO MOVIES VALUES (20, 'Prince', 'Sivakarthikeyan', 'Maria Ryaboshapka', 2022);
INSERT INTO MOVIES VALUES (21, 'Karnan', 'Dhanush', 'Rajisha Vijayan', 2021);
INSERT INTO MOVIES VALUES (22, 'Thiruchitrambalam', 'Dhanush', 'Nithya Menen', 2022);
INSERT INTO MOVIES VALUES (23, 'Vaathi', 'Dhanush', 'Samyuktha', 2023);
INSERT INTO MOVIES VALUES (24, 'VIP', 'Dhanush', 'Amala Paul', 2014);
INSERT INTO MOVIES VALUES (25, 'Asuran', 'Dhanush', 'Manju Warrier', 2019);
INSERT INTO MOVIES VALUES (26, 'Kaithi', 'Karthi', 'None', 2019);
INSERT INTO MOVIES VALUES (27, 'Sultan', 'Karthi', 'Rashmika Mandanna', 2021);
INSERT INTO MOVIES VALUES (28, 'PS1', 'Karthi', 'Trisha', 2022);
INSERT INTO MOVIES VALUES (29, 'PS2', 'Karthi', 'Trisha', 2023);
INSERT INTO MOVIES VALUES (30, 'Theeran', 'Karthi', 'Rakul Preet Singh', 2017);
INSERT INTO MOVIES VALUES (31, 'SampleMovie31', 'VariousActor', 'VariousActress', 2016);
INSERT INTO MOVIES VALUES (32, 'SampleMovie32', 'VariousActor', 'VariousActress', 2017);
INSERT INTO MOVIES VALUES (33, 'SampleMovie33', 'VariousActor', 'VariousActress', 2018);
INSERT INTO MOVIES VALUES (34, 'SampleMovie34', 'VariousActor', 'VariousActress', 2019);
INSERT INTO MOVIES VALUES (35, 'SampleMovie35', 'VariousActor', 'VariousActress', 2020);
INSERT INTO MOVIES VALUES (36, 'SampleMovie36', 'VariousActor', 'VariousActress', 2021);
INSERT INTO MOVIES VALUES (37, 'SampleMovie37', 'VariousActor', 'VariousActress', 2022);
INSERT INTO MOVIES VALUES (38, 'SampleMovie38', 'VariousActor', 'VariousActress', 2023);
INSERT INTO MOVIES VALUES (39, 'SampleMovie39', 'VariousActor', 'VariousActress', 2024);
INSERT INTO MOVIES VALUES (40, 'SampleMovie40', 'VariousActor', 'VariousActress', 2015);
INSERT INTO MOVIES VALUES (41, 'SampleMovie41', 'VariousActor', 'VariousActress', 2016);
INSERT INTO MOVIES VALUES (42, 'SampleMovie42', 'VariousActor', 'VariousActress', 2017);
INSERT INTO MOVIES VALUES (43, 'SampleMovie43', 'VariousActor', 'VariousActress', 2018);
INSERT INTO MOVIES VALUES (44, 'SampleMovie44', 'VariousActor', 'VariousActress', 2019);
INSERT INTO MOVIES VALUES (45, 'SampleMovie45', 'VariousActor', 'VariousActress', 2020);
INSERT INTO MOVIES VALUES (46, 'SampleMovie46', 'VariousActor', 'VariousActress', 2021);
INSERT INTO MOVIES VALUES (47, 'SampleMovie47', 'VariousActor', 'VariousActress', 2022);
INSERT INTO MOVIES VALUES (48, 'SampleMovie48', 'VariousActor', 'VariousActress', 2023);
INSERT INTO MOVIES VALUES (49, 'SampleMovie49', 'VariousActor', 'VariousActress', 2024);
INSERT INTO MOVIES VALUES (50, 'SampleMovie50', 'VariousActor', 'VariousActress', 2015);

-- Insert Collections
INSERT INTO COLLECTIONS VALUES (1, 1, 55);
INSERT INTO COLLECTIONS VALUES (2, 2, 60);
INSERT INTO COLLECTIONS VALUES (3, 3, 65);
INSERT INTO COLLECTIONS VALUES (4, 4, 70);
INSERT INTO COLLECTIONS VALUES (5, 5, 75);
INSERT INTO COLLECTIONS VALUES (6, 6, 80);
INSERT INTO COLLECTIONS VALUES (7, 7, 85);
INSERT INTO COLLECTIONS VALUES (8, 8, 90);
INSERT INTO COLLECTIONS VALUES (9, 9, 95);
INSERT INTO COLLECTIONS VALUES (10, 10, 100);
INSERT INTO COLLECTIONS VALUES (11, 11, 105);
INSERT INTO COLLECTIONS VALUES (12, 12, 110);
INSERT INTO COLLECTIONS VALUES (13, 13, 115);
INSERT INTO COLLECTIONS VALUES (14, 14, 120);
INSERT INTO COLLECTIONS VALUES (15, 15, 125);
INSERT INTO COLLECTIONS VALUES (16, 16, 130);
INSERT INTO COLLECTIONS VALUES (17, 17, 135);
INSERT INTO COLLECTIONS VALUES (18, 18, 140);
INSERT INTO COLLECTIONS VALUES (19, 19, 145);
INSERT INTO COLLECTIONS VALUES (20, 20, 150);
INSERT INTO COLLECTIONS VALUES (21, 21, 155);
INSERT INTO COLLECTIONS VALUES (22, 22, 160);
INSERT INTO COLLECTIONS VALUES (23, 23, 165);
INSERT INTO COLLECTIONS VALUES (24, 24, 170);
INSERT INTO COLLECTIONS VALUES (25, 25, 175);
INSERT INTO COLLECTIONS VALUES (26, 26, 180);
INSERT INTO COLLECTIONS VALUES (27, 27, 185);
INSERT INTO COLLECTIONS VALUES (28, 28, 190);
INSERT INTO COLLECTIONS VALUES (29, 29, 195);
INSERT INTO COLLECTIONS VALUES (30, 30, 200);
INSERT INTO COLLECTIONS VALUES (31, 31, 205);
INSERT INTO COLLECTIONS VALUES (32, 32, 210);
INSERT INTO COLLECTIONS VALUES (33, 33, 215);
INSERT INTO COLLECTIONS VALUES (34, 34, 220);
INSERT INTO COLLECTIONS VALUES (35, 35, 225);
INSERT INTO COLLECTIONS VALUES (36, 36, 230);
INSERT INTO COLLECTIONS VALUES (37, 37, 235);
INSERT INTO COLLECTIONS VALUES (38, 38, 240);
INSERT INTO COLLECTIONS VALUES (39, 39, 245);
INSERT INTO COLLECTIONS VALUES (40, 40, 250);
INSERT INTO COLLECTIONS VALUES (41, 41, 255);
INSERT INTO COLLECTIONS VALUES (42, 42, 260);
INSERT INTO COLLECTIONS VALUES (43, 43, 265);
INSERT INTO COLLECTIONS VALUES (44, 44, 270);
INSERT INTO COLLECTIONS VALUES (45, 45, 275);
INSERT INTO COLLECTIONS VALUES (46, 46, 280);
INSERT INTO COLLECTIONS VALUES (47, 47, 285);
INSERT INTO COLLECTIONS VALUES (48, 48, 290);
INSERT INTO COLLECTIONS VALUES (49, 49, 295);
INSERT INTO COLLECTIONS VALUES (50, 50, 300);

-- Insert Reviews
INSERT INTO REVIEWS VALUES (1, 2, 6);
INSERT INTO REVIEWS VALUES (2, 3, 7);
INSERT INTO REVIEWS VALUES (3, 4, 8);
INSERT INTO REVIEWS VALUES (4, 5, 9);
INSERT INTO REVIEWS VALUES (5, 6, 5);
INSERT INTO REVIEWS VALUES (6, 7, 6);
INSERT INTO REVIEWS VALUES (7, 8, 7);
INSERT INTO REVIEWS VALUES (8, 9, 8);
INSERT INTO REVIEWS VALUES (9, 10, 9);
INSERT INTO REVIEWS VALUES (10, 11, 5);
INSERT INTO REVIEWS VALUES (11, 12, 6);
INSERT INTO REVIEWS VALUES (12, 13, 7);
INSERT INTO REVIEWS VALUES (13, 14, 8);
INSERT INTO REVIEWS VALUES (14, 15, 9);
INSERT INTO REVIEWS VALUES (15, 16, 5);
INSERT INTO REVIEWS VALUES (16, 17, 6);
INSERT INTO REVIEWS VALUES (17, 18, 7);
INSERT INTO REVIEWS VALUES (18, 19, 8);
INSERT INTO REVIEWS VALUES (19, 20, 9);
INSERT INTO REVIEWS VALUES (20, 21, 5);
INSERT INTO REVIEWS VALUES (21, 22, 6);
INSERT INTO REVIEWS VALUES (22, 23, 7);
INSERT INTO REVIEWS VALUES (23, 24, 8);
INSERT INTO REVIEWS VALUES (24, 25, 9);
INSERT INTO REVIEWS VALUES (25, 26, 5);
INSERT INTO REVIEWS VALUES (26, 27, 6);
INSERT INTO REVIEWS VALUES (27, 28, 7);
INSERT INTO REVIEWS VALUES (28, 29, 8);
INSERT INTO REVIEWS VALUES (29, 30, 9);
INSERT INTO REVIEWS VALUES (30, 31, 5);
INSERT INTO REVIEWS VALUES (31, 32, 6);
INSERT INTO REVIEWS VALUES (32, 33, 7);
INSERT INTO REVIEWS VALUES (33, 34, 8);
INSERT INTO REVIEWS VALUES (34, 35, 9);
INSERT INTO REVIEWS VALUES (35, 36, 5);
INSERT INTO REVIEWS VALUES (36, 37, 6);
INSERT INTO REVIEWS VALUES (37, 38, 7);
INSERT INTO REVIEWS VALUES (38, 39, 8);
INSERT INTO REVIEWS VALUES (39, 40, 9);
INSERT INTO REVIEWS VALUES (40, 41, 5);
INSERT INTO REVIEWS VALUES (41, 42, 6);
INSERT INTO REVIEWS VALUES (42, 43, 7);
INSERT INTO REVIEWS VALUES (43, 44, 8);
INSERT INTO REVIEWS VALUES (44, 45, 9);
INSERT INTO REVIEWS VALUES (45, 46, 5);
